id,first_name,last_name,email,gender,ip_address
1,Grantham,Khomin,gkhomin0@dyndns.org,Agender,98.96.205.67
2,Fernando,Harbron,fharbron1@cdc.gov,Genderfluid,162.206.116.250
3,Natalee,Teresse,nteresse2@mapquest.com,Non-binary,217.144.190.196
4,Bord,Camelia,bcamelia3@harvard.edu,Bigender,103.137.123.222
5,Lynn,Moine,lmoine4@dmoz.org,Non-binary,66.136.140.183
6,Korry,Bonar,kbonar5@de.vu,Non-binary,206.245.180.100
7,Sigismondo,Woollhead,swoollhead6@sakura.ne.jp,Male,43.56.192.144
8,Scarface,Thebeau,sthebeau7@google.com.br,Male,236.81.247.114
9,Darsie,Lorey,dlorey8@usa.gov,Female,254.68.120.223
10,Holden,Ormston,hormston9@army.mil,Male,224.109.142.125
11,Gert,Massei,gmasseia@technorati.com,Male,238.229.73.61
12,Penelopa,Davidovics,pdavidovicsb@scribd.com,Agender,110.119.81.164
13,Eberto,Boldison,eboldisonc@cnn.com,Agender,154.149.47.94
14,Mead,Ingraham,mingrahamd@scribd.com,Female,71.243.182.87
15,Melosa,Sabie,msabiee@cnn.com,Female,102.125.105.89
16,Karlik,Pionter,kpionterf@icq.com,Polygender,9.225.180.119
17,Opal,Getley,ogetleyg@wufoo.com,Bigender,74.25.102.182
18,Irwinn,Gerrie,igerrieh@4shared.com,Bigender,133.238.29.196
19,Stephanus,Frome,sfromei@constantcontact.com,Genderqueer,189.230.179.39
20,Marcel,Moffett,mmoffettj@fema.gov,Bigender,75.217.99.112
21,Glynn,Evered,geveredk@home.pl,Genderfluid,239.243.6.119
22,Mycah,Candwell,mcandwelll@webmd.com,Female,11.84.109.76
23,Mala,Milmo,mmilmom@jiathis.com,Bigender,61.178.189.179
24,Paddy,Gunton,pguntonn@typepad.com,Agender,153.199.56.197
25,Lorette,Schuler,lschulero@multiply.com,Polygender,253.32.240.160
26,Abran,Letch,aletchp@blogger.com,Genderfluid,176.115.106.46
27,Lucienne,Fyrth,lfyrthq@utexas.edu,Agender,8.2.18.252
28,Loretta,Point,lpointr@nature.com,Male,248.216.195.200
29,Bonita,O'Dooghaine,bodooghaines@ox.ac.uk,Female,194.100.125.11
30,Tallia,Stockbridge,tstockbridget@drupal.org,Polygender,230.39.195.16
31,Brady,Chartman,bchartmanu@ted.com,Male,49.25.248.202
32,Patsy,Macak,pmacakv@purevolume.com,Female,119.129.8.4
33,Neall,Crebott,ncrebottw@omniture.com,Non-binary,146.165.156.189
34,Laurella,Stebbings,lstebbingsx@spiegel.de,Agender,215.177.44.144
35,Llywellyn,Hammatt,lhammatty@meetup.com,Female,30.90.243.82
36,Angel,Munehay,amunehayz@mozilla.com,Polygender,147.90.228.238
37,Jewell,Lautie,jlautie10@indiatimes.com,Agender,114.73.71.50
38,Fredelia,Janczewski,fjanczewski11@w3.org,Male,93.137.204.231
39,Ewart,Dougan,edougan12@histats.com,Male,95.61.201.18
40,Gayel,Gabriel,ggabriel13@pagesperso-orange.fr,Male,209.98.211.242
41,Royall,Savell,rsavell14@sbwire.com,Male,51.231.142.184
42,Dalston,McMillan,dmcmillan15@icq.com,Genderqueer,47.34.195.37
43,Reinaldo,Robecon,rrobecon16@gizmodo.com,Female,139.219.181.184
44,Erek,Clinton,eclinton17@youku.com,Male,4.234.4.127
45,Gaspar,Popley,gpopley18@photobucket.com,Male,192.82.181.151
46,Ottilie,Kingsnode,okingsnode19@guardian.co.uk,Male,110.84.39.136
47,Karie,Vannacci,kvannacci1a@mashable.com,Non-binary,247.175.247.27
48,Isaak,Lutton,ilutton1b@google.com.hk,Genderqueer,122.116.224.91
49,Aurore,MattiCCI,amatticci1c@smh.com.au,Genderfluid,195.76.54.147
50,Kevina,Wolfenden,kwolfenden1d@aboutads.info,Agender,69.45.213.60
51,Gisele,Maria,gmaria1e@ehow.com,Agender,208.155.227.9
52,Homerus,Attwoull,hattwoull1f@sakura.ne.jp,Polygender,153.167.156.200
53,Farra,Shakesby,fshakesby1g@yellowbook.com,Polygender,223.206.182.109
54,Melamie,Blackah,mblackah1h@lulu.com,Agender,0.116.194.35
55,Salvidor,Jeffers,sjeffers1i@cargocollective.com,Female,5.153.143.162
56,Ashla,Tanslie,atanslie1j@jimdo.com,Male,137.48.134.66
57,Kayley,Wycliff,kwycliff1k@com.com,Genderqueer,216.67.73.170
58,Silvio,Lankham,slankham1l@sbwire.com,Bigender,199.16.149.217
59,Michele,Treher,mtreher1m@alibaba.com,Agender,220.117.52.13
60,Kaylil,Drewett,kdrewett1n@ask.com,Genderfluid,220.146.42.5
61,Hanni,Conquer,hconquer1o@ucsd.edu,Genderfluid,70.94.212.130
62,Lucy,Margerrison,lmargerrison1p@walmart.com,Bigender,223.28.221.96
63,Brew,Fessby,bfessby1q@nationalgeographic.com,Male,8.62.29.93
64,Matias,Peasegood,mpeasegood1r@yahoo.com,Genderqueer,88.193.21.4
65,Christos,Lingfoot,clingfoot1s@princeton.edu,Agender,65.57.89.171
66,Xylina,Telezhkin,xtelezhkin1t@xinhuanet.com,Polygender,45.61.190.64
67,Brook,Itzak,bitzak1u@umn.edu,Bigender,62.72.181.31
68,Audrye,Brugsma,abrugsma1v@bigcartel.com,Genderfluid,96.179.11.136
69,Hubey,Berens,hberens1w@cnet.com,Agender,195.50.113.187
70,Tracie,Paddingdon,tpaddingdon1x@comsenz.com,Male,66.185.166.96
71,Stacee,Loghan,sloghan1y@youku.com,Female,6.30.15.18
72,Faun,Isworth,fisworth1z@google.ru,Bigender,22.48.234.152
73,Adlai,Mapother,amapother20@behance.net,Non-binary,167.246.171.141
74,Thalia,Smales,tsmales21@redcross.org,Agender,111.0.255.226
75,Marilyn,Le Blanc,mleblanc22@nature.com,Non-binary,211.248.230.182
76,Magnum,Brokenshire,mbrokenshire23@purevolume.com,Male,190.1.25.70
77,Clerc,Billington,cbillington24@live.com,Genderfluid,204.242.247.92
78,Antoine,Le Barr,alebarr25@apple.com,Genderqueer,16.176.83.199
79,Dall,Backshaw,dbackshaw26@soundcloud.com,Genderqueer,153.40.106.181
80,Ivy,Leahy,ileahy27@omniture.com,Female,226.91.27.55
81,Raphael,Petegre,rpetegre28@cisco.com,Female,226.44.184.20
82,Ryann,Camings,rcamings29@omniture.com,Genderfluid,182.94.250.133
83,Payton,Abercromby,pabercromby2a@fc2.com,Genderqueer,211.177.93.252
84,Kaiser,Neubigging,kneubigging2b@scientificamerican.com,Polygender,59.70.150.184
85,Gwendolyn,Wyborn,gwyborn2c@indiatimes.com,Non-binary,98.155.204.198
86,Hamil,Braiden,hbraiden2d@themeforest.net,Genderfluid,120.106.20.219
87,Briggs,Ivatt,bivatt2e@google.pl,Non-binary,69.26.222.195
88,Lishe,Eiler,leiler2f@flavors.me,Male,190.96.24.57
89,Claribel,Priestland,cpriestland2g@statcounter.com,Agender,211.125.119.83
90,Teodoor,Sich,tsich2h@accuweather.com,Non-binary,176.210.211.251
91,Zilvia,Wooff,zwooff2i@1und1.de,Non-binary,154.212.250.150
92,Goldy,Cutteridge,gcutteridge2j@shareasale.com,Genderqueer,121.32.253.202
93,Glen,Evitts,gevitts2k@squidoo.com,Agender,18.253.147.250
94,Levin,Depke,ldepke2l@yahoo.com,Agender,233.108.105.222
95,Corny,Feedome,cfeedome2m@hubpages.com,Agender,149.151.125.236
96,Tallou,Gruszka,tgruszka2n@nba.com,Polygender,160.215.91.135
97,Peyter,Meas,pmeas2o@biglobe.ne.jp,Bigender,224.234.78.151
98,Guillemette,Studders,gstudders2p@nydailynews.com,Bigender,248.202.198.252
99,Ossie,Hounsome,ohounsome2q@sciencedirect.com,Female,151.116.49.108
100,Vivienne,Bollands,vbollands2r@macromedia.com,Agender,88.26.16.171
101,Lauraine,Blaszczynski,lblaszczynski2s@tinypic.com,Genderfluid,146.253.120.99
102,Kirby,Karle,kkarle2t@deliciousdays.com,Male,36.217.230.42
103,Eugine,Gliddon,egliddon2u@sina.com.cn,Agender,188.201.202.99
104,Iolande,Jarret,ijarret2v@purevolume.com,Bigender,1.35.121.166
105,Joyous,Houlden,jhoulden2w@mozilla.org,Genderqueer,8.198.140.246
106,Katti,Hursey,khursey2x@nsw.gov.au,Genderqueer,102.117.242.178
107,Dunc,Cudiff,dcudiff2y@posterous.com,Female,34.250.1.113
108,Glennis,Najera,gnajera2z@nba.com,Bigender,164.191.1.177
109,Velma,Conklin,vconklin30@amazon.co.jp,Genderqueer,255.213.131.191
110,Dayle,Pennell,dpennell31@live.com,Bigender,124.118.119.203
111,Lesli,Rigby,lrigby32@aol.com,Genderfluid,21.204.55.144
112,Rockey,Esome,resome33@gov.uk,Genderqueer,118.53.69.200
113,Laurella,Rosenshine,lrosenshine34@odnoklassniki.ru,Female,69.172.239.223
114,Sylas,Jorger,sjorger35@lycos.com,Genderfluid,192.189.92.178
115,Con,Ansell,cansell36@senate.gov,Genderfluid,85.38.102.219
116,Asa,Lindup,alindup37@51.la,Agender,232.226.34.162
117,Winslow,Cray,wcray38@miibeian.gov.cn,Male,255.249.230.161
118,Daune,Cuolahan,dcuolahan39@surveymonkey.com,Agender,97.86.245.173
119,Ezekiel,Abel,eabel3a@omniture.com,Non-binary,121.87.141.22
120,Dorris,Rames,drames3b@purevolume.com,Genderqueer,8.22.220.155
121,Allie,Chellingworth,achellingworth3c@hatena.ne.jp,Female,198.248.136.136
122,Chris,Duguid,cduguid3d@fc2.com,Non-binary,118.101.97.85
123,Salomo,Ledford,sledford3e@w3.org,Male,189.42.127.149
124,Symon,Patey,spatey3f@cyberchimps.com,Agender,187.158.56.97
125,Candi,Tax,ctax3g@ox.ac.uk,Male,168.197.80.203
126,Lazarus,Kidston,lkidston3h@berkeley.edu,Non-binary,46.54.145.139
127,Sella,Allworthy,sallworthy3i@hexun.com,Non-binary,126.174.100.22
128,Stace,Quaintance,squaintance3j@businessweek.com,Bigender,183.41.255.190
129,Kellby,Borg,kborg3k@creativecommons.org,Genderqueer,163.64.130.104
130,Rosana,Yashunin,ryashunin3l@xinhuanet.com,Male,121.159.188.176
131,Lyda,Spracklin,lspracklin3m@google.nl,Male,244.25.158.228
132,Mala,Enstone,menstone3n@ebay.co.uk,Polygender,87.253.232.217
133,Lauren,Cahan,lcahan3o@apache.org,Agender,230.77.83.46
134,Catlin,Pallasch,cpallasch3p@bloglovin.com,Non-binary,0.209.16.220
135,Duncan,Adcocks,dadcocks3q@meetup.com,Female,79.134.24.56
136,Gusty,Fells,gfells3r@w3.org,Bigender,204.25.70.192
137,Uta,Buckles,ubuckles3s@lycos.com,Non-binary,102.232.94.162
138,Noah,Clinch,nclinch3t@amazon.co.jp,Polygender,147.4.236.251
139,Junia,Nasey,jnasey3u@etsy.com,Polygender,128.72.61.90
140,Nicoline,Trenouth,ntrenouth3v@sbwire.com,Non-binary,105.94.90.177
141,Hans,Gennrich,hgennrich3w@wsj.com,Male,142.153.247.252
142,Isidore,Garrity,igarrity3x@unesco.org,Genderfluid,47.83.45.108
143,Corri,Kindred,ckindred3y@sun.com,Male,2.56.91.90
144,Linn,Kerwood,lkerwood3z@creativecommons.org,Agender,68.25.144.161
145,Hetti,Wahncke,hwahncke40@mlb.com,Polygender,50.72.70.185
146,Dulcea,Aleveque,daleveque41@europa.eu,Female,1.109.142.190
147,Wanids,Whodcoat,wwhodcoat42@time.com,Genderqueer,39.133.55.87
148,Levon,Cressor,lcressor43@weebly.com,Genderfluid,5.29.93.94
149,Chet,Rookeby,crookeby44@jigsy.com,Agender,164.230.142.14
150,Malinda,Sleightholm,msleightholm45@indiegogo.com,Agender,164.184.193.114
151,Brade,Begg,bbegg46@comcast.net,Genderqueer,203.173.228.58
152,Blinnie,Cowle,bcowle47@wufoo.com,Bigender,120.238.225.6
153,Clare,Turbard,cturbard48@paginegialle.it,Female,154.240.8.223
154,Boot,Dawdary,bdawdary49@behance.net,Agender,223.102.89.181
155,Kermie,Allmen,kallmen4a@tmall.com,Polygender,239.120.119.54
156,Rebeka,January,rjanuary4b@bigcartel.com,Bigender,170.241.109.135
157,Ellynn,Tunnicliff,etunnicliff4c@fastcompany.com,Genderfluid,191.7.137.109
158,Quillan,Bleddon,qbleddon4d@webs.com,Bigender,9.172.152.135
159,Florance,Havercroft,fhavercroft4e@bluehost.com,Non-binary,179.49.140.89
160,Benyamin,Amber,bamber4f@slate.com,Bigender,193.216.59.94
161,Orin,Syratt,osyratt4g@tumblr.com,Agender,248.90.131.9
162,Winna,O'Siaghail,wosiaghail4h@google.nl,Genderqueer,73.219.169.151
163,Charmine,Gotcher,cgotcher4i@cnbc.com,Non-binary,247.201.239.204
164,Jobye,Dmitrovic,jdmitrovic4j@java.com,Genderfluid,99.211.21.170
165,Guthrie,Tytterton,gtytterton4k@joomla.org,Agender,48.174.128.229
166,Corty,McCarty,cmccarty4l@vkontakte.ru,Female,204.169.93.25
167,Adan,McCoid,amccoid4m@salon.com,Bigender,41.116.189.47
168,Holly,Bermingham,hbermingham4n@noaa.gov,Bigender,211.153.45.222
169,Jerald,Jermin,jjermin4o@comsenz.com,Male,161.72.166.226
170,Jeri,Grzelczyk,jgrzelczyk4p@linkedin.com,Female,100.147.187.86
171,Channa,Alvarado,calvarado4q@yale.edu,Polygender,222.167.168.96
172,Luella,Scutter,lscutter4r@dyndns.org,Agender,140.8.84.18
173,Pepi,Basey,pbasey4s@fastcompany.com,Male,122.30.39.130
174,Ardath,Busse,abusse4t@dion.ne.jp,Female,219.100.68.42
175,Deane,Horstead,dhorstead4u@mashable.com,Polygender,132.91.92.70
176,Yorke,Dickin,ydickin4v@odnoklassniki.ru,Male,193.192.99.231
177,Kellen,Goldsbrough,kgoldsbrough4w@fc2.com,Non-binary,40.71.18.19
178,Robbert,Skala,rskala4x@seattletimes.com,Polygender,101.79.230.39
179,Balduin,Judd,bjudd4y@themeforest.net,Polygender,34.60.156.70
180,Charla,Peggs,cpeggs4z@usda.gov,Male,152.99.52.75
181,Pebrook,Sarver,psarver50@psu.edu,Non-binary,158.112.216.222
182,Agosto,Bottrell,abottrell51@friendfeed.com,Non-binary,6.0.100.227
183,Rustie,Ledstone,rledstone52@nsw.gov.au,Non-binary,8.194.118.115
184,Benn,Cleal,bcleal53@yellowpages.com,Genderfluid,81.115.102.208
185,Giorgi,Millyard,gmillyard54@alexa.com,Bigender,108.164.105.251
186,Kylen,Konzelmann,kkonzelmann55@unesco.org,Genderqueer,140.214.75.172
187,Berni,Cranstoun,bcranstoun56@yahoo.co.jp,Male,150.114.104.15
188,Staffard,Klimsch,sklimsch57@netlog.com,Bigender,228.57.141.141
189,Donnamarie,Simmans,dsimmans58@g.co,Genderqueer,248.202.155.116
190,Alphonse,Dounbare,adounbare59@ask.com,Polygender,92.47.132.134
191,Lettie,Chamberlayne,lchamberlayne5a@list-manage.com,Non-binary,211.169.56.150
192,Michail,Dailey,mdailey5b@msn.com,Bigender,14.164.65.251
193,Dreddy,Gosart,dgosart5c@msn.com,Bigender,109.47.137.5
194,Read,Clemendot,rclemendot5d@discovery.com,Agender,82.187.74.164
195,Chrystal,O'Lahy,colahy5e@storify.com,Female,241.112.58.146
196,Dodie,Juliff,djuliff5f@devhub.com,Genderqueer,206.238.70.198
197,Robbyn,Derges,rderges5g@delicious.com,Agender,209.100.209.59
198,Angele,Laughrey,alaughrey5h@sohu.com,Genderqueer,57.86.161.17
199,Nichole,Conor,nconor5i@vinaora.com,Genderqueer,72.188.91.229
200,Joelle,Eichmann,jeichmann5j@webs.com,Non-binary,11.79.143.120
201,Reinhold,Bransom,rbransom5k@oaic.gov.au,Agender,255.218.87.70
202,Pearline,Whitty,pwhitty5l@twitpic.com,Male,14.101.219.177
203,Celestyna,Abelevitz,cabelevitz5m@example.com,Non-binary,198.55.179.32
204,Zorana,De Blasi,zdeblasi5n@acquirethisname.com,Genderfluid,119.40.63.41
205,Cathryn,Wallas,cwallas5o@unicef.org,Bigender,129.50.118.52
206,Patrizia,Szymoni,pszymoni5p@china.com.cn,Genderqueer,193.169.34.44
207,Ardisj,Estable,aestable5q@wiley.com,Non-binary,193.218.107.127
208,Dominga,Muskett,dmuskett5r@myspace.com,Bigender,243.62.235.12
209,Salomon,Silvers,ssilvers5s@free.fr,Male,207.246.143.139
210,Ferdie,Camelli,fcamelli5t@who.int,Genderfluid,120.202.135.112
211,Gaston,Mallaby,gmallaby5u@nytimes.com,Polygender,58.164.221.241
212,Freeman,Studdert,fstuddert5v@craigslist.org,Agender,165.129.243.70
213,Milissent,Dubery,mdubery5w@foxnews.com,Male,81.115.143.68
214,Baxter,Tofpik,btofpik5x@java.com,Polygender,85.110.137.8
215,Teddie,Ablott,tablott5y@dailymotion.com,Agender,169.247.227.29
216,Camille,Hadgraft,chadgraft5z@boston.com,Bigender,53.111.224.209
217,Trula,Chillistone,tchillistone60@wordpress.com,Genderfluid,64.49.169.23
218,Kennan,Culpan,kculpan61@auda.org.au,Genderqueer,31.212.27.60
219,Rodney,Fawkes,rfawkes62@goodreads.com,Female,190.64.158.214
220,Gerome,Cripps,gcripps63@goodreads.com,Bigender,78.254.159.34
221,Anthea,Launder,alaunder64@nymag.com,Male,163.157.7.112
222,Lorita,Spridgen,lspridgen65@usatoday.com,Non-binary,87.100.103.96
223,Morie,Fetherby,mfetherby66@yelp.com,Agender,179.93.9.174
224,Nanette,Massot,nmassot67@gnu.org,Genderqueer,161.43.70.146
225,Tris,Palfery,tpalfery68@altervista.org,Genderqueer,92.205.240.36
226,Howey,Crayton,hcrayton69@sun.com,Polygender,61.232.156.34
227,Muire,Follit,mfollit6a@cdbaby.com,Polygender,36.219.187.47
228,Lyndsay,Meyer,lmeyer6b@fema.gov,Bigender,126.197.219.99
229,Carlin,Lordon,clordon6c@wix.com,Genderqueer,119.28.35.240
230,Rory,Alstead,ralstead6d@timesonline.co.uk,Non-binary,15.141.101.29
231,Celestina,Loyd,cloyd6e@miibeian.gov.cn,Genderqueer,86.243.162.194
232,Franz,Ceely,fceely6f@umich.edu,Non-binary,18.115.195.23
233,Fawne,Battelle,fbattelle6g@virginia.edu,Female,153.127.55.176
234,Aleda,Prin,aprin6h@tamu.edu,Non-binary,237.204.251.226
235,Brenn,Mingardi,bmingardi6i@jimdo.com,Genderfluid,159.49.182.137
236,Alisa,Barnwille,abarnwille6j@lulu.com,Genderfluid,85.188.96.115
237,Catharina,Zelner,czelner6k@photobucket.com,Non-binary,38.227.162.17
238,Rosene,Syred,rsyred6l@lulu.com,Female,122.196.20.71
239,Kenna,Alentyev,kalentyev6m@godaddy.com,Bigender,129.106.97.153
240,Sholom,Edlestone,sedlestone6n@epa.gov,Agender,163.129.115.107
241,Kale,O' Mullan,komullan6o@creativecommons.org,Agender,59.101.207.188
242,Stanwood,McGookin,smcgookin6p@bbb.org,Genderfluid,220.107.220.76
243,Nataniel,Kuller,nkuller6q@nyu.edu,Non-binary,186.215.208.161
244,Laurie,Duplock,lduplock6r@vistaprint.com,Male,119.38.183.226
245,Murial,Mangenot,mmangenot6s@washington.edu,Female,2.236.223.127
246,Ginelle,Bonass,gbonass6t@feedburner.com,Non-binary,112.9.67.63
247,Delilah,Hanscombe,dhanscombe6u@chicagotribune.com,Bigender,96.215.101.163
248,Nanette,Porritt,nporritt6v@narod.ru,Genderfluid,117.132.217.115
249,Cristina,Jobbins,cjobbins6w@washington.edu,Genderfluid,95.93.126.165
250,Blisse,McAviy,bmcaviy6x@oakley.com,Male,209.128.148.34
251,Celle,Cronshaw,ccronshaw6y@statcounter.com,Bigender,133.40.158.158
252,Florinda,Bennett,fbennett6z@nps.gov,Non-binary,141.141.88.89
253,Edd,Zannelli,ezannelli70@edublogs.org,Non-binary,197.89.168.205
254,Kala,Gutsell,kgutsell71@springer.com,Agender,145.37.17.245
255,Aila,Martinuzzi,amartinuzzi72@hugedomains.com,Non-binary,96.95.242.184
256,Lacy,Senten,lsenten73@flavors.me,Non-binary,81.33.210.148
257,Ermanno,Bradburn,ebradburn74@indiatimes.com,Genderqueer,157.60.195.210
258,Emeline,Cordery,ecordery75@gizmodo.com,Polygender,124.1.202.39
259,Caro,Gubbins,cgubbins76@amazon.co.jp,Non-binary,238.59.154.189
260,Anette,Marton,amarton77@examiner.com,Non-binary,191.83.123.153
261,Donal,Kleinert,dkleinert78@jiathis.com,Female,232.17.109.129
262,Zorine,Kelemen,zkelemen79@cnet.com,Genderfluid,83.207.10.135
263,Rosette,Bettlestone,rbettlestone7a@cbsnews.com,Genderqueer,70.128.59.116
264,Randolf,Nutman,rnutman7b@unc.edu,Bigender,183.170.182.46
265,Kalvin,Slowgrave,kslowgrave7c@istockphoto.com,Male,146.158.149.151
266,Luigi,Dewdeny,ldewdeny7d@latimes.com,Agender,70.235.215.105
267,Amata,Pevie,apevie7e@sfgate.com,Agender,109.40.223.131
268,Jayme,Yitzovicz,jyitzovicz7f@hp.com,Male,45.127.16.46
269,Saw,Gommery,sgommery7g@phoca.cz,Non-binary,20.110.149.180
270,Russ,Letterese,rletterese7h@fc2.com,Non-binary,157.137.96.43
271,Kyle,Laughlan,klaughlan7i@weather.com,Genderfluid,181.82.253.204
272,Barty,Bryett,bbryett7j@typepad.com,Bigender,24.88.0.240
273,Daryn,Hedger,dhedger7k@booking.com,Genderfluid,175.142.178.218
274,Verne,Flowitt,vflowitt7l@ask.com,Genderqueer,109.166.189.144
275,Corry,Danielot,cdanielot7m@alibaba.com,Genderqueer,106.27.160.140
276,Clywd,Sullens,csullens7n@nifty.com,Genderfluid,131.82.114.26
277,Mahalia,Bursnoll,mbursnoll7o@elpais.com,Genderqueer,134.185.51.199
278,Vernice,Mangan,vmangan7p@last.fm,Polygender,56.42.154.179
279,Phaidra,Tuppeny,ptuppeny7q@smh.com.au,Genderqueer,134.83.124.86
280,Adolphus,Gravey,agravey7r@sciencedirect.com,Genderfluid,177.199.10.219
281,Amabelle,Purrington,apurrington7s@storify.com,Bigender,185.68.32.199
282,Jasmina,Cargenven,jcargenven7t@xinhuanet.com,Agender,179.8.40.8
283,Padgett,Griswood,pgriswood7u@ask.com,Polygender,241.243.117.125
284,Arly,Kahane,akahane7v@ehow.com,Genderqueer,117.187.216.63
285,Myra,Perello,mperello7w@storify.com,Male,140.253.182.21
286,Fidel,MacAvaddy,fmacavaddy7x@theatlantic.com,Polygender,125.236.147.138
287,Camey,McLemon,cmclemon7y@mlb.com,Non-binary,100.96.85.155
288,Brod,Longthorne,blongthorne7z@last.fm,Male,214.156.238.37
289,Godard,Brennon,gbrennon80@weather.com,Bigender,104.255.69.62
290,Cacilia,Kedward,ckedward81@bigcartel.com,Genderfluid,67.91.121.165
291,Florri,Rewbottom,frewbottom82@buzzfeed.com,Bigender,67.214.150.83
292,Jamie,Conrard,jconrard83@cbc.ca,Polygender,34.62.235.192
293,Harlan,Patron,hpatron84@sfgate.com,Non-binary,166.174.154.33
294,Nick,Philipsen,nphilipsen85@pinterest.com,Non-binary,61.120.33.120
295,Delinda,Hampton,dhampton86@w3.org,Polygender,185.62.94.227
296,Janene,Gwyer,jgwyer87@woothemes.com,Agender,164.73.25.33
297,Reinaldos,Edridge,redridge88@tiny.cc,Male,221.59.218.194
298,Janette,Cosely,jcosely89@furl.net,Agender,217.67.219.150
299,Edward,Blackly,eblackly8a@netvibes.com,Genderqueer,127.184.201.78
300,Julie,Isard,jisard8b@soundcloud.com,Non-binary,124.225.54.246
301,Reagen,Bertholin,rbertholin8c@lycos.com,Genderfluid,145.250.92.201
302,Fielding,Craney,fcraney8d@cam.ac.uk,Agender,42.148.23.249
303,Maribelle,Pettiford,mpettiford8e@msn.com,Non-binary,238.124.27.25
304,Thebault,Davidman,tdavidman8f@tiny.cc,Male,243.66.174.208
305,Balduin,Skelcher,bskelcher8g@last.fm,Agender,10.28.198.35
306,Weston,Spino,wspino8h@eventbrite.com,Genderqueer,118.85.134.221
307,Vanni,Antecki,vantecki8i@fastcompany.com,Polygender,121.25.172.146
308,Whit,Readie,wreadie8j@dyndns.org,Agender,90.183.110.234
309,Lynna,Tullis,ltullis8k@google.pl,Genderqueer,217.140.101.168
310,Shawna,Ludye,sludye8l@unicef.org,Genderfluid,244.30.68.111
311,Roy,Wolfendale,rwolfendale8m@cyberchimps.com,Polygender,187.131.99.99
312,Fidela,Laviss,flaviss8n@histats.com,Polygender,236.1.228.134
313,Charo,Yurchishin,cyurchishin8o@europa.eu,Agender,219.43.147.86
314,Jessie,Pipes,jpipes8p@answers.com,Genderfluid,155.127.154.178
315,Irita,Rogerot,irogerot8q@slideshare.net,Male,25.154.3.132
316,Liuka,Climpson,lclimpson8r@jalbum.net,Polygender,48.218.42.23
317,Emory,Nutley,enutley8s@ezinearticles.com,Non-binary,18.89.6.34
318,Chalmers,Brotherton,cbrotherton8t@google.co.jp,Genderqueer,81.188.134.94
319,Ynes,Quelch,yquelch8u@soup.io,Female,51.155.231.173
320,Berkly,Wadmore,bwadmore8v@uiuc.edu,Non-binary,20.183.153.121
321,Nev,Margrett,nmargrett8w@chron.com,Polygender,65.189.165.64
322,Tamas,Cullotey,tcullotey8x@csmonitor.com,Bigender,236.214.82.156
323,Nevins,Eliassen,neliassen8y@a8.net,Agender,154.26.243.250
324,Dominic,Cristofano,dcristofano8z@nytimes.com,Genderqueer,255.178.173.156
325,Leese,Black,lblack90@forbes.com,Female,141.82.158.150
326,Husein,Sertin,hsertin91@aboutads.info,Agender,180.146.184.49
327,Denna,Janota,djanota92@etsy.com,Non-binary,53.157.22.0
328,Francine,Slad,fslad93@ezinearticles.com,Male,36.200.162.191
329,Renie,Reuther,rreuther94@loc.gov,Agender,88.248.204.203
330,Jerrylee,Clowser,jclowser95@ovh.net,Genderfluid,110.24.107.247
331,Rosaleen,Pearch,rpearch96@lycos.com,Male,183.155.45.143
332,Fidelio,Osman,fosman97@disqus.com,Polygender,65.119.100.237
333,Gretal,Andreasen,gandreasen98@senate.gov,Bigender,213.250.82.76
334,Ursola,Beinke,ubeinke99@wiley.com,Polygender,178.126.92.165
335,Liz,Derricoat,lderricoat9a@bandcamp.com,Female,209.93.122.139
336,Colene,Heyburn,cheyburn9b@businessinsider.com,Bigender,129.151.69.74
337,Mendie,Witherington,mwitherington9c@statcounter.com,Non-binary,126.165.199.138
338,Korney,Vertey,kvertey9d@gmpg.org,Genderqueer,161.130.220.95
339,Weylin,Snazle,wsnazle9e@businessinsider.com,Genderfluid,32.227.29.211
340,Devonna,Mannagh,dmannagh9f@naver.com,Female,19.104.21.241
341,Dolli,Ahrenius,dahrenius9g@yelp.com,Genderqueer,7.227.52.179
342,Egan,Peetermann,epeetermann9h@columbia.edu,Genderfluid,88.220.58.133
343,Antonin,Esche,aesche9i@bandcamp.com,Agender,224.114.215.169
344,Consalve,Brattell,cbrattell9j@admin.ch,Non-binary,50.5.36.19
345,Levey,Giottini,lgiottini9k@statcounter.com,Polygender,230.145.183.4
346,Isaiah,Carville,icarville9l@latimes.com,Male,227.150.86.84
347,Nomi,Flowitt,nflowitt9m@histats.com,Male,249.82.104.213
348,Bald,Pickthall,bpickthall9n@unicef.org,Male,215.28.141.94
349,Claudianus,Avrahamy,cavrahamy9o@independent.co.uk,Genderqueer,1.140.32.248
350,Maddy,Hovy,mhovy9p@fastcompany.com,Male,119.83.179.72
351,Emalee,Crown,ecrown9q@yandex.ru,Male,238.73.36.113
352,Arnoldo,Pembridge,apembridge9r@alibaba.com,Genderfluid,43.185.116.163
353,Jorrie,Formigli,jformigli9s@blogs.com,Genderqueer,173.248.238.40
354,Rheta,Avory,ravory9t@mozilla.org,Female,112.123.23.73
355,Rose,Gerrie,rgerrie9u@meetup.com,Female,82.218.23.109
356,Jennica,Trenaman,jtrenaman9v@multiply.com,Genderqueer,142.158.81.122
357,Janek,Drewet,jdrewet9w@craigslist.org,Male,105.246.160.199
358,Patience,Courage,pcourage9x@pcworld.com,Polygender,238.30.211.114
359,Cal,Latimer,clatimer9y@drupal.org,Polygender,184.112.193.70
360,Lamont,Cowherd,lcowherd9z@seesaa.net,Male,247.162.247.205
361,Ninon,Kliemchen,nkliemchena0@dropbox.com,Bigender,88.156.216.85
362,Fredia,Carsey,fcarseya1@uol.com.br,Genderfluid,128.59.202.18
363,Thom,Newhouse,tnewhousea2@printfriendly.com,Male,192.164.97.160
364,Adriane,Lawson,alawsona3@gov.uk,Genderqueer,244.7.222.201
365,Elayne,Lougheed,elougheeda4@issuu.com,Non-binary,138.223.72.113
366,Grata,Adamini,gadaminia5@ycombinator.com,Polygender,241.186.82.26
367,Corbie,Kreber,ckrebera6@imageshack.us,Male,84.160.104.172
368,Constantine,Casemore,ccasemorea7@guardian.co.uk,Genderfluid,219.52.16.180
369,Joyce,Dorkin,jdorkina8@bbb.org,Non-binary,25.138.37.165
370,Stanley,Sperry,ssperrya9@cornell.edu,Genderfluid,243.76.167.32
371,Faber,Bland,fblandaa@mapy.cz,Male,167.27.250.19
372,Hendrick,Gierke,hgierkeab@bloglines.com,Bigender,156.89.248.211
373,Otis,McKune,omckuneac@uol.com.br,Bigender,231.33.23.213
374,Simone,Strachan,sstrachanad@stumbleupon.com,Agender,62.245.107.253
375,Julianna,Gossington,jgossingtonae@webmd.com,Agender,208.100.85.117
376,Aundrea,Denisovo,adenisovoaf@etsy.com,Female,12.156.202.101
377,Lotty,Durand,ldurandag@php.net,Genderfluid,86.220.131.227
378,Jolynn,Frensche,jfrenscheah@bandcamp.com,Bigender,105.25.85.18
379,Sarine,O'Gorman,sogormanai@infoseek.co.jp,Non-binary,43.17.123.91
380,Daffi,Scouse,dscouseaj@tmall.com,Genderfluid,42.161.22.229
381,Maggy,Bowlesworth,mbowlesworthak@comsenz.com,Female,134.220.180.228
382,Jae,Plumbley,jplumbleyal@sciencedaily.com,Polygender,217.63.169.250
383,Rube,Lagde,rlagdeam@typepad.com,Male,229.227.91.29
384,Frieda,Barter,fbarteran@instagram.com,Genderqueer,166.131.95.252
385,Gayel,Miettinen,gmiettinenao@mozilla.org,Genderfluid,228.11.230.212
386,Maryellen,Ferretti,mferrettiap@rediff.com,Polygender,119.240.35.193
387,Orlando,Cockill,ocockillaq@yellowbook.com,Agender,26.72.227.195
388,Roxine,Giddings,rgiddingsar@google.it,Agender,98.243.216.142
389,Idell,Philips,iphilipsas@addthis.com,Non-binary,177.121.221.240
390,Boyd,Rosenblum,brosenblumat@thetimes.co.uk,Polygender,130.57.151.235
391,Pacorro,Tremelling,ptremellingau@mysql.com,Genderfluid,14.154.51.78
392,Gill,Braxton,gbraxtonav@fc2.com,Male,172.7.165.137
393,Millard,Tondeur,mtondeuraw@friendfeed.com,Polygender,109.28.232.189
394,Lark,Skipper,lskipperax@dell.com,Polygender,51.252.57.51
395,Abbie,Atte-Stone,aattestoneay@geocities.jp,Non-binary,155.38.240.174
396,Leonhard,Beldom,lbeldomaz@yellowbook.com,Genderqueer,231.107.245.23
397,Trevor,Herrema,therremab0@blinklist.com,Female,139.101.18.14
398,Hunfredo,Heggman,hheggmanb1@taobao.com,Female,37.59.234.204
399,Kienan,Emerton,kemertonb2@timesonline.co.uk,Agender,226.77.142.234
400,Fair,De Brett,fdebrettb3@macromedia.com,Polygender,200.24.118.136
401,Katuscha,Trippick,ktrippickb4@freewebs.com,Polygender,19.1.23.42
402,Netty,Dennes,ndennesb5@samsung.com,Non-binary,208.208.66.240
403,Aundrea,O'Dogherty,aodoghertyb6@imgur.com,Bigender,229.83.240.138
404,Cull,Finessy,cfinessyb7@uol.com.br,Polygender,33.83.177.70
405,Deva,Passe,dpasseb8@webmd.com,Non-binary,138.109.142.196
406,Mureil,McBean,mmcbeanb9@ucsd.edu,Female,224.127.80.227
407,Felicity,Durtnall,fdurtnallba@spotify.com,Genderqueer,112.25.93.177
408,Fletch,Ipplett,fipplettbb@ycombinator.com,Polygender,244.208.90.103
409,Ileane,Passfield,ipassfieldbc@wisc.edu,Genderfluid,19.136.108.149
410,Rolfe,Abelwhite,rabelwhitebd@state.tx.us,Bigender,24.12.24.213
411,Pincas,Hixley,phixleybe@bing.com,Female,27.39.76.105
412,Kelila,Jockle,kjocklebf@sfgate.com,Female,79.205.185.89
413,Kerrie,Calveley,kcalveleybg@myspace.com,Male,115.128.226.65
414,Joellyn,Scutching,jscutchingbh@si.edu,Non-binary,232.146.5.97
415,Paule,Calafate,pcalafatebi@google.cn,Male,171.178.101.88
416,Deerdre,Finnie,dfinniebj@ted.com,Genderqueer,118.60.40.50
417,Kent,Tenniswood,ktenniswoodbk@barnesandnoble.com,Female,221.141.192.195
418,Marlowe,Dixie,mdixiebl@hp.com,Male,113.83.252.255
419,Abraham,Drake,adrakebm@storify.com,Female,23.67.9.209
420,Austen,Maes,amaesbn@psu.edu,Non-binary,201.138.189.236
421,Cybil,Arboine,carboinebo@uol.com.br,Agender,32.56.176.35
422,Derick,Kettlewell,dkettlewellbp@facebook.com,Polygender,15.228.160.72
423,Ailsun,Aindrais,aaindraisbq@taobao.com,Polygender,201.177.235.26
424,Kacy,Abbiss,kabbissbr@reverbnation.com,Bigender,38.136.249.243
425,Barty,Bahike,bbahikebs@adobe.com,Non-binary,89.170.7.209
426,Alister,Cosely,acoselybt@hubpages.com,Non-binary,199.205.234.49
427,Caritta,Heavy,cheavybu@example.com,Agender,63.243.95.69
428,Cleo,McCard,cmccardbv@cargocollective.com,Agender,211.2.16.102
429,Marcie,Auston,maustonbw@godaddy.com,Genderqueer,103.208.162.49
430,Alison,Mattsson,amattssonbx@photobucket.com,Male,85.163.67.212
431,Darn,Giroldi,dgiroldiby@imageshack.us,Genderfluid,89.213.112.232
432,Arleta,Elcock,aelcockbz@cbslocal.com,Genderqueer,53.76.41.70
433,Costanza,Hindenberger,chindenbergerc0@gov.uk,Female,58.136.110.33
434,Elsie,Isacke,eisackec1@jugem.jp,Male,102.153.41.103
435,Teddy,Weaver,tweaverc2@gmpg.org,Male,209.154.55.238
436,Alexi,Mattingson,amattingsonc3@nbcnews.com,Female,76.162.116.170
437,Raina,Fransinelli,rfransinellic4@vimeo.com,Genderqueer,210.35.97.9
438,Trix,O'Heffernan,toheffernanc5@go.com,Polygender,33.130.64.83
439,Isa,Pedersen,ipedersenc6@dailymotion.com,Polygender,166.102.92.82
440,Mackenzie,Skellington,mskellingtonc7@i2i.jp,Polygender,255.15.41.66
441,Jacobo,Comizzoli,jcomizzolic8@friendfeed.com,Agender,131.0.39.102
442,Fania,Pheazey,fpheazeyc9@umich.edu,Non-binary,94.191.202.7
443,Issi,Chasney,ichasneyca@sohu.com,Polygender,243.112.129.235
444,Gav,Oglevie,gogleviecb@hibu.com,Female,35.243.238.145
445,Craggie,Pickover,cpickovercc@microsoft.com,Female,102.198.161.235
446,Eleonore,Carreck,ecarreckcd@discuz.net,Genderqueer,249.199.214.230
447,Lu,Proudler,lproudlerce@home.pl,Polygender,217.20.194.9
448,Antonina,M'Quharg,amquhargcf@sina.com.cn,Agender,184.255.127.250
449,Carol-jean,Monkman,cmonkmancg@europa.eu,Genderqueer,168.80.137.163
450,Morton,Duffet,mduffetch@mit.edu,Bigender,107.63.105.88
451,Sigismundo,Millmoe,smillmoeci@earthlink.net,Bigender,85.28.87.39
452,Leo,Keuntje,lkeuntjecj@instagram.com,Agender,162.114.32.205
453,Fran,Winspare,fwinspareck@cisco.com,Bigender,93.234.118.151
454,Demetre,Forshaw,dforshawcl@marriott.com,Bigender,61.199.137.242
455,Genna,Delap,gdelapcm@seattletimes.com,Polygender,21.139.206.82
456,Emeline,Haynes,ehaynescn@fotki.com,Genderqueer,206.210.43.67
457,Obadias,Peddowe,opeddoweco@cargocollective.com,Genderfluid,169.19.202.191
458,Shina,Mabee,smabeecp@google.cn,Genderfluid,118.49.173.21
459,Eddie,Ruston,erustoncq@jigsy.com,Bigender,155.179.242.235
460,Fianna,Van den Oord,fvandenoordcr@discovery.com,Male,150.79.140.150
461,Launce,Tison,ltisoncs@statcounter.com,Bigender,60.187.11.246
462,Ralina,O'Canavan,rocanavanct@theatlantic.com,Non-binary,134.192.224.234
463,Alexis,Norfolk,anorfolkcu@1und1.de,Agender,247.25.112.105
464,Patrica,Allerton,pallertoncv@edublogs.org,Male,60.136.125.32
465,Wilmar,Perell,wperellcw@devhub.com,Female,142.126.204.188
466,Ferguson,Imbrey,fimbreycx@eventbrite.com,Non-binary,100.39.166.20
467,Myron,O'Shevlan,moshevlancy@springer.com,Female,108.151.185.116
468,Leila,Gerrelt,lgerreltcz@hhs.gov,Bigender,133.186.253.123
469,Nadine,Capaldo,ncapaldod0@alexa.com,Polygender,44.186.88.174
470,Nanine,Moxham,nmoxhamd1@nbcnews.com,Genderqueer,28.88.253.216
471,Stacee,Skipp,sskippd2@ning.com,Polygender,192.59.209.238
472,Morrie,Sail,msaild3@sogou.com,Non-binary,213.12.123.34
473,Denis,Jackways,djackwaysd4@networksolutions.com,Non-binary,156.255.249.221
474,Alvie,Fance,afanced5@rakuten.co.jp,Female,29.122.225.200
475,Darby,Caron,dcarond6@w3.org,Genderfluid,185.116.92.201
476,Agnesse,Duhig,aduhigd7@mapy.cz,Bigender,193.250.184.81
477,Prentiss,Gioan,pgioand8@slate.com,Bigender,115.152.207.230
478,Ashlin,Richardeau,arichardeaud9@wsj.com,Non-binary,236.182.165.133
479,Marquita,Slorach,mslorachda@addthis.com,Non-binary,96.26.22.82
480,Starlin,Pithie,spithiedb@kickstarter.com,Bigender,161.249.108.248
481,Sheff,Sheward,sshewarddc@google.co.jp,Agender,240.137.119.90
482,Lyndell,Sprakes,lsprakesdd@joomla.org,Non-binary,156.126.200.247
483,Neill,Grandin,ngrandinde@prlog.org,Genderqueer,23.197.74.228
484,Tod,Bog,tbogdf@weibo.com,Female,13.166.207.35
485,Zared,Tunnow,ztunnowdg@tuttocitta.it,Polygender,234.30.68.55
486,Josie,Eilert,jeilertdh@geocities.jp,Genderfluid,166.102.194.241
487,Valaria,Najera,vnajeradi@admin.ch,Genderqueer,232.153.13.11
488,Kaylee,Abbatucci,kabbatuccidj@utexas.edu,Agender,18.174.147.124
489,Brooke,Rosander,brosanderdk@go.com,Polygender,212.85.247.101
490,Bartie,De Carteret,bdecarteretdl@wiley.com,Genderqueer,143.0.17.182
491,Wilt,Franssen,wfranssendm@google.co.jp,Bigender,91.136.24.137
492,Minnnie,Pimley,mpimleydn@bloglines.com,Genderfluid,188.250.25.56
493,Carly,Allaway,callawaydo@webeden.co.uk,Female,66.225.147.185
494,Chandra,Robel,crobeldp@twitpic.com,Genderfluid,149.185.157.41
495,Jenelle,Muldownie,jmuldowniedq@yale.edu,Polygender,245.19.73.231
496,Torrance,Di Pietro,tdipietrodr@pinterest.com,Polygender,75.197.196.128
497,Derward,Madgett,dmadgettds@meetup.com,Genderqueer,229.40.3.223
498,Clemmie,Lisimore,clisimoredt@posterous.com,Bigender,0.177.158.82
499,Symon,Edmenson,sedmensondu@indiegogo.com,Bigender,2.65.173.56
500,Bertie,Extill,bextilldv@stumbleupon.com,Bigender,40.121.43.61
501,Lola,Wintle,lwintledw@pagesperso-orange.fr,Female,106.61.204.215
502,Verina,Lethibridge,vlethibridgedx@youku.com,Male,47.193.35.191
503,Dania,Vittle,dvittledy@twitter.com,Bigender,42.4.58.172
504,Tarra,Bardill,tbardilldz@soundcloud.com,Agender,115.19.194.67
505,Killie,Ducker,kduckere0@mac.com,Bigender,170.198.190.208
506,Monte,Fanshawe,mfanshawee1@desdev.cn,Genderfluid,184.211.1.97
507,Bendite,Rose,brosee2@pcworld.com,Agender,147.250.108.99
508,Katlin,Wraggs,kwraggse3@infoseek.co.jp,Genderfluid,167.100.194.97
509,Ruth,Abisetti,rabisettie4@xrea.com,Polygender,29.210.46.236
510,Sean,Styant,sstyante5@networkadvertising.org,Agender,158.136.49.183
511,Grissel,Pack,gpacke6@360.cn,Agender,208.81.9.228
512,Corney,Race,cracee7@google.com.hk,Agender,100.155.112.201
513,Lorelei,Ollington,lollingtone8@creativecommons.org,Polygender,192.59.210.250
514,Tamma,Becker,tbeckere9@usa.gov,Bigender,192.65.24.39
515,Dalton,Carncross,dcarncrossea@hc360.com,Bigender,71.227.64.75
516,Guinevere,Jeandet,gjeandeteb@woothemes.com,Female,144.97.239.226
517,Antoinette,Worsley,aworsleyec@slideshare.net,Genderfluid,173.25.78.47
518,Venita,Burndred,vburndreded@amazon.co.jp,Agender,108.77.255.4
519,Natty,Vannoni,nvannoniee@t.co,Male,34.131.92.14
520,Dwight,Marsay,dmarsayef@deliciousdays.com,Agender,248.126.124.174
521,Tulley,Duchart,tducharteg@ebay.com,Polygender,200.254.138.163
522,Olin,Grenville,ogrenvilleeh@joomla.org,Male,46.210.242.227
523,Ronald,Devlin,rdevlinei@liveinternet.ru,Agender,189.240.80.114
524,Jenelle,Sille,jsilleej@linkedin.com,Female,191.162.229.18
525,Briano,Carrel,bcarrelek@cpanel.net,Non-binary,159.93.97.47
526,Mollie,Scowcraft,mscowcraftel@eventbrite.com,Bigender,99.218.27.85
527,Valentijn,Dowtry,vdowtryem@disqus.com,Non-binary,176.183.79.118
528,Ritchie,Meran,rmeranen@mapquest.com,Non-binary,198.34.1.91
529,Spence,MacMoyer,smacmoyereo@pcworld.com,Genderqueer,73.78.129.240
530,Jedd,Knowles,jknowlesep@sciencedaily.com,Genderqueer,6.177.129.25
531,Jessalin,Iowarch,jiowarcheq@youtube.com,Male,127.25.237.149
532,Zollie,Poulglais,zpoulglaiser@loc.gov,Genderqueer,224.188.105.50
533,Arnuad,Harcase,aharcasees@springer.com,Male,114.59.251.77
534,Gusti,Bransom,gbransomet@dmoz.org,Bigender,241.18.156.144
535,Laure,Clowser,lclowsereu@admin.ch,Genderfluid,19.39.50.112
536,Jamie,Varah,jvarahev@msu.edu,Bigender,134.35.195.37
537,Geraldine,Ballance,gballanceew@springer.com,Agender,176.136.8.114
538,Bathsheba,Lippingwell,blippingwellex@comcast.net,Genderfluid,241.28.36.8
539,Kendre,Cotherill,kcotherilley@nature.com,Bigender,226.144.214.35
540,Durward,Alwen,dalwenez@dyndns.org,Genderfluid,146.140.65.56
541,Felisha,Hovert,fhovertf0@independent.co.uk,Male,78.139.211.96
542,Corella,Filson,cfilsonf1@amazon.co.uk,Genderfluid,152.26.6.208
543,Kevyn,Brameld,kbrameldf2@businesswire.com,Genderqueer,57.162.56.195
544,Nicolina,O'Shea,nosheaf3@yellowbook.com,Genderfluid,30.164.153.194
545,Roseline,Gilliam,rgilliamf4@columbia.edu,Female,234.44.136.17
546,Rodrick,Jammes,rjammesf5@shinystat.com,Agender,4.100.176.82
547,Cooper,Frogley,cfrogleyf6@sitemeter.com,Bigender,116.228.249.6
548,Andromache,Juett,ajuettf7@webnode.com,Female,22.194.38.141
549,Nat,Ebourne,nebournef8@yandex.ru,Bigender,212.100.173.68
550,Odilia,Kmiec,okmiecf9@comsenz.com,Genderfluid,219.236.73.243
551,Vivi,Cavnor,vcavnorfa@indiatimes.com,Male,113.75.34.53
552,Nicholle,McGifford,nmcgiffordfb@over-blog.com,Bigender,129.165.54.100
553,Jacinthe,Print,jprintfc@cargocollective.com,Female,150.131.35.133
554,Betsey,Pendrey,bpendreyfd@amazon.com,Genderfluid,193.126.149.154
555,Philippe,Bark,pbarkfe@elegantthemes.com,Genderqueer,199.250.185.190
556,Goldy,Pearde,gpeardeff@skype.com,Non-binary,11.213.210.151
557,Colver,Di Lucia,cdiluciafg@ehow.com,Non-binary,131.102.213.200
558,Anjanette,Thecham,athechamfh@disqus.com,Agender,9.81.184.111
559,Karissa,Biggam,kbiggamfi@irs.gov,Female,210.207.227.192
560,Melamie,Reeve,mreevefj@nationalgeographic.com,Genderqueer,76.143.20.237
561,Clarette,Kenion,ckenionfk@nhs.uk,Bigender,180.6.25.38
562,Caz,Vanner,cvannerfl@timesonline.co.uk,Non-binary,87.198.14.175
563,Ryan,Alekseicik,ralekseicikfm@edublogs.org,Genderqueer,11.51.67.230
564,Tamas,Cappell,tcappellfn@linkedin.com,Non-binary,137.108.20.116
565,Phillipp,Orviss,porvissfo@constantcontact.com,Female,105.254.79.175
566,Tootsie,Spearing,tspearingfp@google.cn,Agender,50.103.11.142
567,Nichole,Heningam,nheningamfq@adobe.com,Agender,22.55.144.166
568,Alisun,McCloy,amccloyfr@google.cn,Bigender,90.25.148.108
569,Harley,Cannicott,hcannicottfs@nytimes.com,Agender,107.196.203.52
570,Herta,Jackett,hjackettft@quantcast.com,Polygender,181.156.179.121
571,Anderson,Darrington,adarringtonfu@trellian.com,Genderqueer,255.62.211.230
572,Tabbie,Leftwich,tleftwichfv@psu.edu,Genderfluid,73.112.166.236
573,See,Fraczek,sfraczekfw@techcrunch.com,Agender,76.156.130.88
574,Casandra,Stuehmeyer,cstuehmeyerfx@discovery.com,Non-binary,158.116.20.184
575,Devin,de Voiels,ddevoielsfy@wp.com,Non-binary,76.50.179.117
576,Aimee,Olliar,aolliarfz@marriott.com,Female,108.193.3.104
577,Vergil,Lowther,vlowtherg0@so-net.ne.jp,Male,240.201.15.69
578,Shurlocke,Brandon,sbrandong1@usatoday.com,Polygender,72.211.153.215
579,Cyrillus,Hilhouse,chilhouseg2@disqus.com,Agender,3.207.151.14
580,Celina,MacDunleavy,cmacdunleavyg3@patch.com,Genderqueer,1.93.202.203
581,Thayne,Fortin,tforting4@scribd.com,Non-binary,186.45.167.217
582,Rhetta,Schettini,rschettinig5@nationalgeographic.com,Bigender,149.211.84.250
583,Bunnie,Caizley,bcaizleyg6@wunderground.com,Genderqueer,65.216.228.249
584,Willa,Stolte,wstolteg7@ovh.net,Genderqueer,239.235.196.85
585,Garvin,Villaret,gvillaretg8@zdnet.com,Non-binary,141.225.128.185
586,Dorelle,Mellhuish,dmellhuishg9@whitehouse.gov,Genderqueer,84.183.63.89
587,Anatola,Ewen,aewenga@google.com,Polygender,50.139.115.226
588,Sherwood,Echalier,sechaliergb@taobao.com,Polygender,86.17.142.94
589,Gerri,Addionizio,gaddioniziogc@unesco.org,Non-binary,90.194.50.95
590,Claudia,Dobey,cdobeygd@naver.com,Male,133.145.192.51
591,Adrianne,Haskins,ahaskinsge@bbc.co.uk,Agender,91.135.13.230
592,Kelci,Spurr,kspurrgf@google.it,Non-binary,10.132.185.100
593,Yancey,Grimmer,ygrimmergg@sciencedirect.com,Bigender,142.218.240.219
594,Boot,Carne,bcarnegh@blogspot.com,Male,68.211.155.33
595,Ravid,McCullum,rmccullumgi@altervista.org,Female,164.121.9.20
596,Adena,Nevinson,anevinsongj@bloglines.com,Genderqueer,80.16.18.166
597,Aland,Kitchiner,akitchinergk@apple.com,Non-binary,141.56.64.96
598,Sidnee,Warstall,swarstallgl@alibaba.com,Polygender,217.192.81.147
599,Guglielma,Seymour,gseymourgm@ning.com,Genderfluid,241.13.33.194
600,Nancy,Meace,nmeacegn@weibo.com,Agender,223.160.62.54
601,Fabe,Ferrarese,fferraresego@typepad.com,Bigender,52.64.148.1
602,Jammie,Goley,jgoleygp@geocities.com,Male,248.249.61.80
603,Tomlin,Heak,theakgq@opera.com,Female,148.77.216.12
604,Dniren,Tabrett,dtabrettgr@vk.com,Male,69.73.19.0
605,Roy,Ticksall,rticksallgs@answers.com,Polygender,201.46.71.7
606,Kearney,Trousdale,ktrousdalegt@boston.com,Agender,122.72.59.243
607,Dionisio,Swatheridge,dswatheridgegu@usgs.gov,Non-binary,231.6.72.153
608,Issiah,Scintsbury,iscintsburygv@patch.com,Non-binary,87.33.40.7
609,Codi,Mayzes,cmayzesgw@utexas.edu,Bigender,65.191.14.199
610,Kris,Flintoffe,kflintoffegx@dagondesign.com,Genderqueer,172.203.250.43
611,Findley,Meadowcroft,fmeadowcroftgy@usgs.gov,Female,39.109.246.59
612,Ethelyn,Checo,echecogz@infoseek.co.jp,Bigender,199.42.89.46
613,Randie,Maylott,rmaylotth0@cdbaby.com,Male,209.137.91.116
614,Tarrance,Watkin,twatkinh1@free.fr,Female,156.163.72.51
615,Ev,Dunseath,edunseathh2@linkedin.com,Bigender,10.32.190.114
616,Shannan,Acreman,sacremanh3@auda.org.au,Agender,88.76.195.122
617,Kalvin,Arno,karnoh4@latimes.com,Bigender,53.224.61.115
618,Mina,Baline,mbalineh5@wikimedia.org,Non-binary,83.19.196.205
619,Bailie,De Simone,bdesimoneh6@joomla.org,Bigender,80.204.91.155
620,Harold,Spencook,hspencookh7@geocities.jp,Agender,33.15.166.224
621,Deane,Gillion,dgillionh8@digg.com,Genderqueer,48.27.56.66
622,Gilda,Boyne,gboyneh9@reddit.com,Male,4.77.166.191
623,Marc,Masser,mmasserha@weather.com,Genderqueer,20.8.234.3
624,Laurette,Eckersley,leckersleyhb@narod.ru,Genderfluid,172.49.23.223
625,Gianni,Shoosmith,gshoosmithhc@istockphoto.com,Agender,204.213.54.95
626,Blakelee,Hannah,bhannahhd@xinhuanet.com,Polygender,231.7.56.209
627,Lina,Clow,lclowhe@yolasite.com,Male,42.244.54.229
628,Hadria,Mathis,hmathishf@imageshack.us,Non-binary,31.74.236.152
629,Zacharie,Grizard,zgrizardhg@desdev.cn,Bigender,180.144.152.95
630,Hilarius,Olenichev,holenichevhh@ihg.com,Genderqueer,25.209.112.171
631,Cara,Eplett,cepletthi@alibaba.com,Male,97.10.45.133
632,Keefer,Ring,kringhj@delicious.com,Non-binary,201.156.63.141
633,Phylys,Tebbut,ptebbuthk@usa.gov,Agender,114.13.90.99
634,Sax,Marden,smardenhl@geocities.com,Polygender,12.110.105.3
635,Yelena,MacGowing,ymacgowinghm@opensource.org,Agender,181.41.115.210
636,Nonah,Blackster,nblacksterhn@altervista.org,Polygender,112.116.31.1
637,Brittany,Quarles,bquarlesho@auda.org.au,Female,118.29.44.47
638,Doll,Hiley,dhileyhp@yolasite.com,Female,176.97.219.139
639,Page,Trevett,ptrevetthq@twitter.com,Genderfluid,125.18.113.19
640,Goldarina,Copins,gcopinshr@accuweather.com,Female,187.32.62.14
641,Lou,McCulloch,lmccullochhs@fotki.com,Female,214.91.50.108
642,Dieter,Binford,dbinfordht@dailymail.co.uk,Genderfluid,253.53.133.35
643,Verine,Bushrod,vbushrodhu@aboutads.info,Polygender,117.245.65.80
644,Noella,Tarling,ntarlinghv@examiner.com,Agender,49.11.93.219
645,Tarah,Trassler,ttrasslerhw@pbs.org,Genderfluid,242.128.146.99
646,Tabbie,Ambrogio,tambrogiohx@house.gov,Genderqueer,210.95.59.83
647,Nanette,Le land,nlelandhy@google.ca,Genderfluid,82.250.227.126
648,Mae,Kleinbaum,mkleinbaumhz@mozilla.org,Genderfluid,140.75.37.16
649,Aubert,Whitfield,awhitfieldi0@patch.com,Genderfluid,132.102.19.204
650,Maegan,Harsum,mharsumi1@forbes.com,Bigender,64.132.113.252
651,Christy,Markie,cmarkiei2@oracle.com,Female,153.39.10.119
652,Nara,Beharrell,nbeharrelli3@adobe.com,Genderfluid,245.60.5.223
653,Gratiana,McLay,gmclayi4@omniture.com,Genderqueer,174.170.171.234
654,Hollyanne,Berzons,hberzonsi5@i2i.jp,Genderqueer,209.229.253.163
655,Karalee,Derl,kderli6@scientificamerican.com,Female,196.103.13.113
656,Norry,Kunze,nkunzei7@noaa.gov,Agender,176.249.201.158
657,Efren,Loughren,eloughreni8@pcworld.com,Agender,217.128.154.23
658,Odo,Boole,oboolei9@upenn.edu,Bigender,11.16.222.10
659,Any,Howlings,ahowlingsia@hibu.com,Non-binary,126.63.14.223
660,Rory,Lebourn,rlebournib@foxnews.com,Bigender,107.219.127.149
661,Annabel,Surpliss,asurplissic@cbc.ca,Bigender,36.18.245.174
662,Bruno,Theml,bthemlid@amazon.co.uk,Genderfluid,188.91.141.165
663,Ninetta,Drydale,ndrydaleie@youtu.be,Non-binary,246.103.50.46
664,Alfonse,Esler,aeslerif@earthlink.net,Male,9.184.122.161
665,Kimmi,Burdess,kburdessig@illinois.edu,Genderfluid,211.98.200.58
666,Zorina,McIlroy,zmcilroyih@gizmodo.com,Genderfluid,130.253.85.167
667,Edythe,Schwerin,eschwerinii@ebay.co.uk,Genderqueer,98.80.156.140
668,Bengt,Balma,bbalmaij@adobe.com,Genderfluid,197.104.32.92
669,Gaby,Thorogood,gthorogoodik@flickr.com,Agender,7.14.151.82
670,Nanette,MacCrachen,nmaccrachenil@hibu.com,Genderfluid,150.42.95.86
671,Aggy,Stocken,astockenim@g.co,Female,61.25.77.93
672,Abbie,Truggian,atruggianin@ted.com,Non-binary,120.169.202.53
673,Trev,Sant,tsantio@uiuc.edu,Agender,3.183.215.198
674,Theobald,Firpo,tfirpoip@vk.com,Non-binary,205.23.76.166
675,Kenon,Ferrulli,kferrulliiq@fema.gov,Genderfluid,151.221.1.144
676,Judas,Moysey,jmoyseyir@dailymail.co.uk,Genderfluid,26.104.23.244
677,Calla,Ameer-Beg,cameerbegis@marketwatch.com,Polygender,78.148.177.150
678,Meir,Imlach,mimlachit@etsy.com,Agender,47.248.140.9
679,Dennet,Rolston,drolstoniu@furl.net,Female,45.119.164.219
680,Hussein,Brockhouse,hbrockhouseiv@wix.com,Bigender,107.100.2.128
681,Kathryn,Cheers,kcheersiw@ovh.net,Polygender,12.177.137.129
682,Jordon,Deex,jdeexix@yellowpages.com,Non-binary,79.245.160.142
683,Nessi,Townby,ntownbyiy@ox.ac.uk,Polygender,72.103.158.158
684,Kippy,Skip,kskipiz@nyu.edu,Non-binary,231.67.58.113
685,Pablo,Kuhwald,pkuhwaldj0@godaddy.com,Male,57.53.68.195
686,Malena,Ashpole,mashpolej1@omniture.com,Female,215.90.38.157
687,Dareen,Wreakes,dwreakesj2@nymag.com,Female,20.25.198.193
688,Hansiain,Hyndley,hhyndleyj3@newyorker.com,Polygender,109.85.8.100
689,Cassie,Czaja,cczajaj4@wikia.com,Genderqueer,195.65.41.76
690,Helen-elizabeth,Cabell,hcabellj5@harvard.edu,Genderqueer,111.236.92.1
691,Kimberley,Brightwell,kbrightwellj6@techcrunch.com,Genderfluid,241.12.113.214
692,Allina,Walkinshaw,awalkinshawj7@hubpages.com,Genderqueer,121.176.190.248
693,Bili,Strangward,bstrangwardj8@abc.net.au,Male,74.55.132.201
694,Efren,Blei,ebleij9@army.mil,Agender,227.147.104.166
695,Darrel,Samsonsen,dsamsonsenja@cam.ac.uk,Genderfluid,69.221.39.76
696,Jolyn,Rubartelli,jrubartellijb@nytimes.com,Male,227.101.169.78
697,Alanah,Mc Queen,amcqueenjc@jiathis.com,Agender,132.76.67.40
698,Virgil,Shales,vshalesjd@hexun.com,Bigender,36.253.11.13
699,Sarge,Thorburn,sthorburnje@1688.com,Female,129.129.169.134
700,Patin,Ege,pegejf@istockphoto.com,Female,0.131.87.139
701,Ediva,Byass,ebyassjg@ocn.ne.jp,Female,188.47.1.237
702,Reeva,Annell,rannelljh@economist.com,Agender,2.29.31.156
703,Chase,Emeline,cemelineji@freewebs.com,Non-binary,229.179.99.103
704,Roddy,Rome,rromejj@123-reg.co.uk,Male,40.253.41.62
705,Amalita,Malyan,amalyanjk@cyberchimps.com,Genderqueer,124.77.100.236
706,Merwin,Hadwick,mhadwickjl@mapquest.com,Agender,80.210.131.88
707,Betsey,Coenraets,bcoenraetsjm@google.co.jp,Genderfluid,40.187.140.62
708,Daniel,Keppe,dkeppejn@nps.gov,Female,94.173.206.54
709,Carmina,Marcinkus,cmarcinkusjo@umn.edu,Polygender,238.190.185.114
710,Toddie,Duffie,tduffiejp@independent.co.uk,Male,76.63.247.98
711,Betta,McPake,bmcpakejq@aol.com,Non-binary,46.49.219.93
712,Regine,Auty,rautyjr@newsvine.com,Male,167.241.59.236
713,Miltie,Ivermee,mivermeejs@fastcompany.com,Genderfluid,236.86.97.100
714,Rafferty,Grieg,rgriegjt@disqus.com,Female,16.236.175.91
715,Reilly,Emanulsson,remanulssonju@vinaora.com,Genderfluid,32.240.245.143
716,Germain,Selcraig,gselcraigjv@globo.com,Male,51.232.86.205
717,Mirella,Corradetti,mcorradettijw@about.com,Male,95.191.243.76
718,Stephannie,Vasler,svaslerjx@nationalgeographic.com,Agender,129.74.229.45
719,Lelia,Saffon,lsaffonjy@upenn.edu,Genderqueer,130.5.33.167
720,Angeline,Ferri,aferrijz@cdbaby.com,Female,40.46.35.229
721,Hersch,Skeermor,hskeermork0@hhs.gov,Bigender,252.141.123.165
722,Tish,Joseff,tjoseffk1@weebly.com,Polygender,69.195.200.232
723,Simeon,Ruggles,srugglesk2@surveymonkey.com,Polygender,73.100.227.11
724,Barny,Laird-Craig,blairdcraigk3@icio.us,Bigender,129.112.223.42
725,Earle,Caraher,ecaraherk4@ustream.tv,Female,188.25.54.177
726,Guss,Swatridge,gswatridgek5@bloomberg.com,Polygender,114.59.55.171
727,Berkly,Bavin,bbavink6@google.nl,Non-binary,45.160.141.49
728,Darbee,Juliano,djulianok7@icio.us,Non-binary,239.39.239.63
729,Tish,Tompkinson,ttompkinsonk8@issuu.com,Female,209.52.93.241
730,Andrus,Fortescue,afortescuek9@vk.com,Bigender,162.79.130.157
731,Brantley,Viggars,bviggarska@comsenz.com,Non-binary,103.235.78.26
732,Parke,Bloodworth,pbloodworthkb@ameblo.jp,Bigender,39.163.144.229
733,Merrill,Shayes,mshayeskc@sun.com,Polygender,254.46.67.205
734,Kerrin,Hurleston,khurlestonkd@reddit.com,Bigender,9.246.247.229
735,Chickie,Ricciardelli,cricciardellike@slashdot.org,Non-binary,97.47.215.192
736,Lorri,Zanassi,lzanassikf@smh.com.au,Female,14.26.37.93
737,Hieronymus,Koppe,hkoppekg@spiegel.de,Non-binary,100.68.193.225
738,Dougy,Baber,dbaberkh@yellowbook.com,Male,220.203.138.192
739,Glennie,Dudny,gdudnyki@independent.co.uk,Agender,249.57.34.102
740,Bax,Krabbe,bkrabbekj@reference.com,Male,50.140.112.156
741,Elysia,Kneebone,ekneebonekk@who.int,Male,144.76.230.123
742,Vittorio,Sproule,vsproulekl@weibo.com,Genderfluid,229.56.99.50
743,Washington,Gaskamp,wgaskampkm@wunderground.com,Genderfluid,193.108.246.20
744,Marsiella,Lightollers,mlightollerskn@yale.edu,Genderqueer,181.255.5.192
745,Britta,Zum Felde,bzumfeldeko@bizjournals.com,Polygender,147.24.115.18
746,Clyde,Dincke,cdinckekp@discuz.net,Male,88.187.22.28
747,Erminia,Maggiore,emaggiorekq@purevolume.com,Genderqueer,241.135.117.176
748,Josee,Beedie,jbeediekr@china.com.cn,Agender,130.47.165.219
749,Ernie,Littlejohn,elittlejohnks@homestead.com,Genderqueer,200.170.102.97
750,Elisabetta,Richie,erichiekt@scribd.com,Polygender,104.2.78.74
751,Alister,Lars,alarsku@spotify.com,Genderfluid,106.1.246.134
752,Bron,Knewstub,bknewstubkv@i2i.jp,Male,197.99.3.165
753,Shepard,Schwanden,sschwandenkw@networksolutions.com,Polygender,116.151.181.17
754,Ramon,Cordie,rcordiekx@wufoo.com,Polygender,139.139.12.201
755,Marthena,Wilkinson,mwilkinsonky@cdbaby.com,Non-binary,16.93.57.151
756,Honoria,Carnew,hcarnewkz@123-reg.co.uk,Female,102.149.133.135
757,Nancey,Silverlock,nsilverlockl0@ca.gov,Female,234.6.172.125
758,Barthel,Nutbeem,bnutbeeml1@cbslocal.com,Bigender,244.213.101.223
759,Jakie,Week,jweekl2@smh.com.au,Female,77.130.44.78
760,Quintana,Matusson,qmatussonl3@cargocollective.com,Genderfluid,22.160.9.102
761,Lovell,Ludlam,lludlaml4@blogs.com,Genderqueer,241.200.132.69
762,Jayne,Chesnut,jchesnutl5@loc.gov,Female,61.204.5.63
763,Shep,Meert,smeertl6@furl.net,Genderqueer,201.203.20.138
764,Hilly,Havoc,hhavocl7@myspace.com,Agender,209.247.226.174
765,Elliott,Godsal,egodsall8@ning.com,Bigender,220.180.27.80
766,Carin,Border,cborderl9@ihg.com,Genderqueer,146.207.45.17
767,Clary,Lees,cleesla@theglobeandmail.com,Genderfluid,121.188.164.251
768,Dewitt,Gagin,dgaginlb@ask.com,Bigender,163.148.156.22
769,Ingaborg,Kibbey,ikibbeylc@amazon.co.uk,Genderqueer,216.241.73.61
770,Jaimie,Freeborne,jfreeborneld@istockphoto.com,Female,97.32.69.88
771,Abbott,Eicheler,aeichelerle@dagondesign.com,Male,34.249.80.124
772,Gratia,Shah,gshahlf@miitbeian.gov.cn,Polygender,173.143.51.212
773,Charin,Jilkes,cjilkeslg@eventbrite.com,Female,148.164.211.162
774,Ivette,Leed,ileedlh@dyndns.org,Polygender,139.173.23.23
775,Griff,Kanter,gkanterli@behance.net,Female,230.60.66.198
776,Shela,O'Scanlon,soscanlonlj@fda.gov,Agender,66.74.56.136
777,Alexandre,Nerval,anervallk@behance.net,Polygender,119.149.254.47
778,Nathanil,Lidstone,nlidstonell@intel.com,Male,180.200.49.188
779,Buddy,Markwelley,bmarkwelleylm@webnode.com,Agender,31.250.255.124
780,Lazare,Masedon,lmasedonln@t.co,Agender,174.74.87.123
781,Val,Kinny,vkinnylo@webnode.com,Non-binary,149.22.8.58
782,Zia,Enefer,zeneferlp@merriam-webster.com,Male,243.167.185.223
783,Brand,Bavidge,bbavidgelq@4shared.com,Polygender,43.215.227.167
784,Edy,Mancer,emancerlr@sourceforge.net,Genderqueer,210.37.126.150
785,Ajay,Gerriessen,agerriessenls@studiopress.com,Genderfluid,69.83.0.162
786,Stewart,Bicknell,sbicknelllt@tmall.com,Genderqueer,168.175.39.190
787,Ashley,Graeme,agraemelu@microsoft.com,Polygender,189.252.5.134
788,Yardley,McGlaud,ymcglaudlv@quantcast.com,Female,77.85.130.243
789,Caressa,Skipping,cskippinglw@adobe.com,Genderqueer,20.202.72.76
790,Eziechiele,Sterry,esterrylx@ycombinator.com,Male,112.2.160.37
791,Nial,Shorbrook,nshorbrookly@hugedomains.com,Polygender,5.52.2.164
792,Brien,Craighill,bcraighilllz@angelfire.com,Genderqueer,226.128.28.253
793,Sadie,Joselson,sjoselsonm0@archive.org,Bigender,85.180.27.38
794,Rafaelia,Mcwhinnie,rmcwhinniem1@uiuc.edu,Non-binary,152.254.248.181
795,Nealy,Dumini,nduminim2@army.mil,Male,61.106.6.165
796,Ragnar,Brelsford,rbrelsfordm3@fc2.com,Bigender,31.235.14.133
797,Wendall,Kneller,wknellerm4@addthis.com,Female,115.254.28.201
798,Nev,Twoohy,ntwoohym5@about.com,Genderfluid,158.254.202.18
799,Donella,Phethean,dphetheanm6@blogger.com,Male,206.86.234.196
800,Cherlyn,Pilling,cpillingm7@walmart.com,Male,232.27.172.111
801,Jarad,Seacombe,jseacombem8@house.gov,Bigender,51.192.191.7
802,Vanessa,Brisson,vbrissonm9@webnode.com,Non-binary,42.45.135.250
803,Salvatore,Whipp,swhippma@pagesperso-orange.fr,Polygender,162.183.255.207
804,Bealle,Chater,bchatermb@tinypic.com,Genderfluid,229.33.162.35
805,Stormi,Berr,sberrmc@geocities.jp,Non-binary,24.104.169.127
806,Calley,Scothorne,cscothornemd@admin.ch,Male,126.119.5.58
807,Doy,Macguire,dmacguireme@typepad.com,Female,201.179.201.105
808,Elenore,Bouda,eboudamf@homestead.com,Agender,64.105.166.24
809,Gaston,Lief,gliefmg@diigo.com,Genderqueer,62.92.77.53
810,Sasha,Slemmonds,sslemmondsmh@seesaa.net,Non-binary,233.12.231.122
811,Kippie,McDuffie,kmcduffiemi@newsvine.com,Non-binary,58.198.14.220
812,Edgard,Ewins,eewinsmj@ebay.com,Non-binary,118.29.36.136
813,Ceil,Skitterel,cskitterelmk@google.es,Genderfluid,154.216.16.206
814,Kelby,Shrieve,kshrieveml@usa.gov,Polygender,72.207.230.168
815,Gunar,Maddams,gmaddamsmm@hubpages.com,Non-binary,15.109.134.92
816,Tisha,Extill,textillmn@forbes.com,Female,14.115.243.250
817,Barron,Woodwind,bwoodwindmo@1688.com,Genderfluid,131.50.201.188
818,Carmelia,Full,cfullmp@parallels.com,Female,150.1.223.51
819,Filippa,Wilden,fwildenmq@mysql.com,Genderqueer,141.109.89.137
820,Benson,Heyfield,bheyfieldmr@spiegel.de,Female,60.155.62.107
821,Gael,Warry,gwarryms@instagram.com,Female,39.147.201.1
822,Ashton,Wiersma,awiersmamt@merriam-webster.com,Non-binary,252.217.117.92
823,Etan,Rawstorne,erawstornemu@imdb.com,Polygender,246.114.158.128
824,Tony,Pechet,tpechetmv@chronoengine.com,Genderqueer,229.6.68.248
825,Koo,Othick,kothickmw@topsy.com,Polygender,162.227.90.127
826,Earlie,Antrim,eantrimmx@biblegateway.com,Genderfluid,188.37.27.180
827,Bevon,Boffey,bboffeymy@reddit.com,Genderqueer,8.104.101.253
828,Lonny,Traske,ltraskemz@nifty.com,Bigender,251.168.58.98
829,Joseito,Jupp,jjuppn0@bandcamp.com,Non-binary,82.240.99.111
830,Kori,Illyes,killyesn1@jiathis.com,Polygender,152.13.173.168
831,Nealson,Bish,nbishn2@flickr.com,Genderqueer,195.227.122.32
832,Jeanette,Waylen,jwaylenn3@dot.gov,Non-binary,124.124.160.168
833,Jon,Sweatland,jsweatlandn4@histats.com,Agender,198.45.79.196
834,Gwen,Olerenshaw,golerenshawn5@wisc.edu,Non-binary,255.249.35.201
835,Kalil,Lambrecht,klambrechtn6@com.com,Genderqueer,58.60.87.167
836,Garvey,Fordham,gfordhamn7@bbc.co.uk,Non-binary,62.110.180.209
837,Elayne,Beevis,ebeevisn8@symantec.com,Polygender,26.99.54.142
838,Cynthie,Arnaudot,carnaudotn9@ed.gov,Genderqueer,101.237.196.103
839,Anneliese,Hambright,ahambrightna@printfriendly.com,Male,76.51.1.180
840,Lorene,Penni,lpenninb@baidu.com,Male,207.217.73.177
841,Morgun,Clemont,mclemontnc@alibaba.com,Genderqueer,51.246.98.206
842,Terza,Anderson,tandersonnd@opensource.org,Polygender,231.25.222.132
843,Tamma,Hinckes,thinckesne@infoseek.co.jp,Polygender,44.49.3.189
844,Cathrine,Bartod,cbartodnf@blogtalkradio.com,Female,255.20.75.28
845,Pavia,Huskisson,phuskissonng@cisco.com,Male,89.110.144.231
846,Shandie,Brayford,sbrayfordnh@free.fr,Male,53.95.66.87
847,Julius,Pavelin,jpavelinni@csmonitor.com,Genderfluid,219.190.94.177
848,Korella,Cronchey,kcroncheynj@slate.com,Female,145.19.127.131
849,Anthea,Farris,afarrisnk@tmall.com,Male,11.87.87.105
850,Adelbert,Marchello,amarchellonl@huffingtonpost.com,Genderqueer,182.96.207.196
851,Vale,Albert,valbertnm@google.de,Genderqueer,17.170.85.212
852,Marwin,Creyke,mcreykenn@ow.ly,Polygender,166.87.251.216
853,Ileane,Madoc-Jones,imadocjonesno@illinois.edu,Non-binary,86.93.150.96
854,Ebba,Klemensiewicz,eklemensiewicznp@sbwire.com,Bigender,227.121.226.157
855,Jacob,Dowsett,jdowsettnq@sphinn.com,Bigender,192.170.101.45
856,Nonnah,MacSwayde,nmacswaydenr@timesonline.co.uk,Non-binary,63.19.80.82
857,Nancee,Mutton,nmuttonns@admin.ch,Female,154.141.245.20
858,Jaquelin,Santon,jsantonnt@istockphoto.com,Female,202.153.34.105
859,Brannon,Spenceley,bspenceleynu@ycombinator.com,Female,203.49.189.238
860,Monica,Pyper,mpypernv@google.nl,Polygender,207.91.161.193
861,Theodor,Dupoy,tdupoynw@woothemes.com,Non-binary,39.213.3.235
862,Hoebart,Tremoulet,htremouletnx@cam.ac.uk,Bigender,213.235.99.125
863,Edsel,Engledow,eengledowny@t.co,Female,172.15.56.40
864,Jacki,Glendining,jglendiningnz@tripadvisor.com,Agender,76.17.153.212
865,Ingaberg,Minney,iminneyo0@foxnews.com,Bigender,221.105.114.21
866,Karel,Welbourn,kwelbourno1@networksolutions.com,Polygender,18.239.135.40
867,Tanney,Seefus,tseefuso2@dailymotion.com,Male,147.20.39.144
868,Arte,Lardnar,alardnaro3@chronoengine.com,Bigender,186.25.185.255
869,Rhianon,Carletto,rcarlettoo4@multiply.com,Agender,63.99.28.226
870,Sly,Simister,ssimistero5@constantcontact.com,Genderqueer,249.103.156.230
871,Arty,Seebright,aseebrighto6@ehow.com,Genderfluid,96.87.215.21
872,Grayce,Garn,ggarno7@storify.com,Female,178.92.75.17
873,Evangelina,Gordon,egordono8@zdnet.com,Bigender,169.54.110.239
874,Casi,Howes,choweso9@uol.com.br,Genderfluid,132.253.216.113
875,Dianna,Cudmore,dcudmoreoa@typepad.com,Polygender,81.230.179.120
876,Lilith,Rosenfeld,lrosenfeldob@istockphoto.com,Polygender,44.217.239.209
877,Veda,McDonald,vmcdonaldoc@mozilla.org,Agender,139.135.143.43
878,Dyana,Coots,dcootsod@yale.edu,Non-binary,0.241.52.51
879,Adina,Izkovitz,aizkovitzoe@webmd.com,Agender,207.171.178.129
880,Tasha,Peris,tperisof@hexun.com,Agender,66.188.85.230
881,Charlotte,Kleinstub,ckleinstubog@printfriendly.com,Non-binary,20.80.225.62
882,Arlan,Ortler,aortleroh@nationalgeographic.com,Agender,6.82.190.95
883,Slade,Izaac,sizaacoi@noaa.gov,Female,30.246.210.59
884,Herschel,Salla,hsallaoj@theguardian.com,Genderqueer,116.140.211.199
885,Jocko,Outridge,joutridgeok@uol.com.br,Female,45.215.3.35
886,Inge,Twatt,itwattol@ed.gov,Genderfluid,148.111.16.81
887,Skye,Aves,savesom@hibu.com,Non-binary,85.229.203.30
888,Gilemette,Le Sieur,glesieuron@dmoz.org,Female,81.97.140.81
889,Dena,Oddie,doddieoo@wp.com,Non-binary,75.175.238.87
890,Hermione,Brodie,hbrodieop@blinklist.com,Genderfluid,146.129.45.232
891,Jodie,Drewe,jdreweoq@meetup.com,Female,238.13.83.252
892,Hildy,Iglesias,higlesiasor@house.gov,Bigender,244.140.83.104
893,Donielle,Woodham,dwoodhamos@java.com,Agender,194.91.210.126
894,Lindsay,Kitto,lkittoot@privacy.gov.au,Polygender,29.240.190.48
895,Zedekiah,Lunck,zlunckou@scientificamerican.com,Polygender,254.218.2.121
896,Abbott,Crankshaw,acrankshawov@ted.com,Genderqueer,166.175.194.59
897,Dell,Buttrick,dbuttrickow@cmu.edu,Male,62.168.213.230
898,Moe,Tomley,mtomleyox@over-blog.com,Genderfluid,211.95.90.107
899,Maury,Tackes,mtackesoy@w3.org,Genderqueer,235.105.221.224
900,Giordano,D'Ambrogio,gdambrogiooz@cnet.com,Non-binary,173.252.50.31
901,Joy,Medeway,jmedewayp0@exblog.jp,Male,172.120.19.219
902,Pietra,Ditchett,pditchettp1@themeforest.net,Non-binary,205.183.186.39
903,Jeniffer,Carslaw,jcarslawp2@uol.com.br,Genderqueer,43.34.46.186
904,Gilburt,Audas,gaudasp3@nhs.uk,Non-binary,204.249.149.235
905,Chane,Sydall,csydallp4@tiny.cc,Agender,134.172.28.115
906,Kip,Wey,kweyp5@cisco.com,Bigender,51.201.132.70
907,Marianna,Leipnik,mleipnikp6@toplist.cz,Bigender,245.83.37.104
908,Zabrina,Gye,zgyep7@odnoklassniki.ru,Genderqueer,52.163.136.249
909,Kellyann,Peachment,kpeachmentp8@weebly.com,Agender,239.71.114.124
910,Garreth,MacPeake,gmacpeakep9@reverbnation.com,Male,169.96.218.93
911,Cristine,Beiderbecke,cbeiderbeckepa@nih.gov,Female,147.104.83.248
912,Verina,Rylance,vrylancepb@wix.com,Agender,212.156.151.175
913,Arly,Taw,atawpc@trellian.com,Agender,239.148.33.213
914,Coleen,Louisot,clouisotpd@1688.com,Bigender,253.130.90.58
915,Svend,Duesbury,sduesburype@nih.gov,Genderfluid,190.62.59.145
916,Laird,Ahmad,lahmadpf@youku.com,Non-binary,105.7.202.145
917,Fred,Stanbury,fstanburypg@t-online.de,Agender,82.128.255.22
918,Justinian,Rosenberger,jrosenbergerph@boston.com,Female,239.47.230.90
919,Garvy,Bisgrove,gbisgrovepi@angelfire.com,Male,25.53.198.176
920,Hedi,Gerrels,hgerrelspj@blogs.com,Female,209.133.17.68
921,Hettie,Murrigans,hmurriganspk@photobucket.com,Genderfluid,34.114.165.235
922,Cal,Selby,cselbypl@amazon.de,Female,184.224.191.15
923,Roxanne,Caldero,rcalderopm@joomla.org,Genderfluid,81.90.235.115
924,Lilah,Fetterplace,lfetterplacepn@blogger.com,Non-binary,110.94.26.29
925,Godfrey,Giorio,ggioriopo@theguardian.com,Bigender,119.113.108.216
926,Elva,Sims,esimspp@oaic.gov.au,Male,11.76.109.217
927,Silvester,Bransden,sbransdenpq@constantcontact.com,Genderfluid,100.254.220.79
928,Maire,Corkell,mcorkellpr@addtoany.com,Polygender,213.192.78.67
929,Barbee,Spadelli,bspadellips@google.com.au,Bigender,75.73.15.116
930,Celesta,Pennick,cpennickpt@hp.com,Genderqueer,254.26.84.180
931,Bayard,McGinty,bmcgintypu@go.com,Non-binary,85.49.50.72
932,Edithe,Haquard,ehaquardpv@weather.com,Non-binary,200.11.181.136
933,Miranda,Iddy,middypw@si.edu,Female,170.251.135.214
934,Mitzi,Metzing,mmetzingpx@shinystat.com,Genderqueer,4.233.203.52
935,Howie,Clements,hclementspy@wix.com,Genderfluid,215.186.223.248
936,Sibel,MacAscaidh,smacascaidhpz@hhs.gov,Bigender,207.41.124.158
937,Selia,Mendel,smendelq0@topsy.com,Polygender,187.204.203.250
938,Holden,McNirlin,hmcnirlinq1@nasa.gov,Male,14.215.180.223
939,Nathalie,Sanger,nsangerq2@yellowpages.com,Non-binary,171.92.218.226
940,Ximenes,Flewin,xflewinq3@cnet.com,Male,185.123.54.58
941,Harriet,Whanstall,hwhanstallq4@mozilla.com,Polygender,215.165.170.37
942,Madelene,Cozzi,mcozziq5@admin.ch,Polygender,19.154.104.46
943,Patten,Cordingley,pcordingleyq6@reference.com,Genderfluid,165.213.36.177
944,Burtie,Craker,bcrakerq7@issuu.com,Agender,208.142.117.65
945,Alwyn,Dunguy,adunguyq8@ted.com,Male,159.19.250.128
946,Evaleen,Onge,eongeq9@washington.edu,Agender,208.32.255.101
947,Dillie,Clamp,dclampqa@blogtalkradio.com,Genderfluid,210.101.250.220
948,Georgeanne,Eicheler,geichelerqb@eepurl.com,Female,229.22.92.183
949,Ranique,Dominec,rdominecqc@ow.ly,Female,104.37.57.89
950,Aguste,Nasey,anaseyqd@mediafire.com,Agender,148.145.228.237
951,Natal,Malinowski,nmalinowskiqe@ucla.edu,Polygender,195.109.236.126
952,Meriel,Choat,mchoatqf@tripadvisor.com,Female,35.89.13.9
953,Conn,Cottis,ccottisqg@prlog.org,Bigender,22.176.17.174
954,Abba,Amaya,aamayaqh@yelp.com,Female,140.29.132.188
955,Melinde,M'Chirrie,mmchirrieqi@engadget.com,Non-binary,167.71.29.142
956,Fran,Coltan,fcoltanqj@studiopress.com,Genderqueer,151.160.203.177
957,Carolyn,Christopher,cchristopherqk@elpais.com,Agender,242.50.235.254
958,Gordan,Skuse,gskuseql@yelp.com,Bigender,35.203.152.242
959,Nomi,Pinhorn,npinhornqm@usgs.gov,Male,254.76.66.189
960,Bryanty,Hewell,bhewellqn@noaa.gov,Bigender,244.233.122.211
961,Ibbie,Clissett,iclissettqo@youtube.com,Agender,172.84.182.230
962,Sonnie,Whyteman,swhytemanqp@example.com,Agender,3.37.62.108
963,Donnie,Mapson,dmapsonqq@fda.gov,Female,3.127.179.157
964,Liuka,Lamblin,llamblinqr@bing.com,Non-binary,39.66.229.102
965,Miguel,Abelov,mabelovqs@phoca.cz,Non-binary,151.225.160.166
966,Mirelle,Cupper,mcupperqt@chicagotribune.com,Genderfluid,223.20.140.9
967,Ash,Mulholland,amulhollandqu@biglobe.ne.jp,Non-binary,78.85.240.149
968,Broddy,O'Hara,boharaqv@wsj.com,Agender,104.153.191.237
969,Sibelle,Mounter,smounterqw@theglobeandmail.com,Polygender,35.66.165.145
970,Fredelia,Matthew,fmatthewqx@example.com,Genderqueer,234.184.43.73
971,Brewster,Leeming,bleemingqy@goo.gl,Agender,174.143.253.106
972,Job,Touret,jtouretqz@mapquest.com,Polygender,88.245.40.2
973,Leland,Meriet,lmerietr0@google.com,Male,52.7.186.98
974,Erika,Pietruszka,epietruszkar1@csmonitor.com,Agender,86.116.177.208
975,Cissy,Jupe,cjuper2@nps.gov,Bigender,18.132.150.82
976,Nelia,Duthie,nduthier3@mlb.com,Male,235.198.238.130
977,Lenette,Cominotti,lcominottir4@miibeian.gov.cn,Genderqueer,154.26.132.158
978,Giorgia,Faccini,gfaccinir5@tinypic.com,Agender,194.139.38.105
979,Baxie,Dunderdale,bdunderdaler6@fastcompany.com,Male,155.64.37.83
980,Jarrod,Mirando,jmirandor7@livejournal.com,Male,197.181.87.170
981,Roderigo,Liddiard,rliddiardr8@usnews.com,Bigender,59.252.53.116
982,Adria,Caress,acaressr9@de.vu,Male,198.184.212.243
983,Hamish,Haig,hhaigra@msn.com,Female,8.49.249.137
984,Crissy,Ingray,cingrayrb@squidoo.com,Genderfluid,244.157.213.65
985,Radcliffe,Eyeington,reyeingtonrc@phoca.cz,Polygender,40.147.189.173
986,Chancey,Zammett,czammettrd@columbia.edu,Agender,241.45.169.109
987,Allina,Lesley,alesleyre@washingtonpost.com,Agender,166.49.110.111
988,Ellissa,Arnson,earnsonrf@unblog.fr,Female,158.147.10.121
989,Malena,Neilan,mneilanrg@craigslist.org,Polygender,112.64.9.240
990,Rees,O'Keenan,rokeenanrh@dedecms.com,Polygender,69.227.75.250
991,Michel,Moff,mmoffri@bandcamp.com,Bigender,107.76.140.194
992,Sallyann,Audry,saudryrj@cpanel.net,Genderfluid,251.116.79.84
993,Lizabeth,Traher,ltraherrk@fda.gov,Female,26.253.64.48
994,Jillian,Malecky,jmaleckyrl@wired.com,Bigender,149.137.156.246
995,Marcelo,Strowan,mstrowanrm@delicious.com,Male,163.213.121.81
996,Allene,Tuke,atukern@sakura.ne.jp,Agender,178.10.205.165
997,Giselbert,Romagnosi,gromagnosiro@sbwire.com,Genderfluid,233.93.5.101
998,Cherlyn,Lown,clownrp@nasa.gov,Bigender,66.47.234.69
999,Camella,Domney,cdomneyrq@usgs.gov,Polygender,204.192.15.151
1000,Rourke,Smales,rsmalesrr@blogtalkradio.com,Genderfluid,99.255.208.15
